{
 "Device" : "GW5A-25A",
 "Files" : [
  {
   "Path" : "E:/code/Gowincode/workspace/zcx_code/src/Clkdiv.v",
   "Type" : "verilog"
  },
  {
   "Path" : "E:/code/Gowincode/workspace/zcx_code/src/Equalizer.v",
   "Type" : "verilog"
  },
  {
   "Path" : "E:/code/Gowincode/workspace/zcx_code/src/WM8960_Init/I2C_Init_Dev.v",
   "Type" : "verilog"
  },
  {
   "Path" : "E:/code/Gowincode/workspace/zcx_code/src/WM8960_Init/WM8960_Init.v",
   "Type" : "verilog"
  },
  {
   "Path" : "E:/code/Gowincode/workspace/zcx_code/src/WM8960_Init/i2c_bit_shift.v",
   "Type" : "verilog"
  },
  {
   "Path" : "E:/code/Gowincode/workspace/zcx_code/src/WM8960_Init/i2c_control.v",
   "Type" : "verilog"
  },
  {
   "Path" : "E:/code/Gowincode/workspace/zcx_code/src/WM8960_Init/wm8960_init_table.v",
   "Type" : "verilog"
  },
  {
   "Path" : "E:/code/Gowincode/workspace/zcx_code/src/accom_extract.v",
   "Type" : "verilog"
  },
  {
   "Path" : "E:/code/Gowincode/workspace/zcx_code/src/alter_speed.v",
   "Type" : "verilog"
  },
  {
   "Path" : "E:/code/Gowincode/workspace/zcx_code/src/audio_ctrl.v",
   "Type" : "verilog"
  },
  {
   "Path" : "E:/code/Gowincode/workspace/zcx_code/src/audio_raw.v",
   "Type" : "verilog"
  },
  {
   "Path" : "E:/code/Gowincode/workspace/zcx_code/src/chorus.v",
   "Type" : "verilog"
  },
  {
   "Path" : "E:/code/Gowincode/workspace/zcx_code/src/chorus_tb.v",
   "Type" : "verilog"
  },
  {
   "Path" : "E:/code/Gowincode/workspace/zcx_code/src/clkdiv_phasereset.v",
   "Type" : "verilog"
  },
  {
   "Path" : "E:/code/Gowincode/workspace/zcx_code/src/counter.v",
   "Type" : "verilog"
  },
  {
   "Path" : "E:/code/Gowincode/workspace/zcx_code/src/ddr/ddr3_ctrl_2port/ddr3_ctrl_2port.v",
   "Type" : "verilog"
  },
  {
   "Path" : "E:/code/Gowincode/workspace/zcx_code/src/ddr/ddr3_ctrl_2port/fifo_ddr3_adapter.v",
   "Type" : "verilog"
  },
  {
   "Path" : "E:/code/Gowincode/workspace/zcx_code/src/ddr/ddr3_memory_interface/ddr3_memory_interface.v",
   "Type" : "verilog"
  },
  {
   "Path" : "E:/code/Gowincode/workspace/zcx_code/src/ddr/ddr3_pll/ddr3_pll.v",
   "Type" : "verilog"
  },
  {
   "Path" : "E:/code/Gowincode/workspace/zcx_code/src/ddr/rd_data_fifo/rd_data_fifo.v",
   "Type" : "verilog"
  },
  {
   "Path" : "E:/code/Gowincode/workspace/zcx_code/src/ddr/wr_data_fifo/wr_data_fifo.v",
   "Type" : "verilog"
  },
  {
   "Path" : "E:/code/Gowincode/workspace/zcx_code/src/ddr_top.v",
   "Type" : "verilog"
  },
  {
   "Path" : "E:/code/Gowincode/workspace/zcx_code/src/delay.v",
   "Type" : "verilog"
  },
  {
   "Path" : "E:/code/Gowincode/workspace/zcx_code/src/fifo/async_fifo.v",
   "Type" : "verilog"
  },
  {
   "Path" : "E:/code/Gowincode/workspace/zcx_code/src/fifo/async_fifo_ctrl.v",
   "Type" : "verilog"
  },
  {
   "Path" : "E:/code/Gowincode/workspace/zcx_code/src/fifo/dpram.v",
   "Type" : "verilog"
  },
  {
   "Path" : "E:/code/Gowincode/workspace/zcx_code/src/filter_fir.v",
   "Type" : "verilog"
  },
  {
   "Path" : "E:/code/Gowincode/workspace/zcx_code/src/filter_fir_audio.v",
   "Type" : "verilog"
  },
  {
   "Path" : "E:/code/Gowincode/workspace/zcx_code/src/filter_sym.v",
   "Type" : "verilog"
  },
  {
   "Path" : "E:/code/Gowincode/workspace/zcx_code/src/gowin_pll/gowin_pll.v",
   "Type" : "verilog"
  },
  {
   "Path" : "E:/code/Gowincode/workspace/zcx_code/src/gowin_prom/gowin_prom.v",
   "Type" : "verilog"
  },
  {
   "Path" : "E:/code/Gowincode/workspace/zcx_code/src/i2s/i2s_rx.v",
   "Type" : "verilog"
  },
  {
   "Path" : "E:/code/Gowincode/workspace/zcx_code/src/i2s/i2s_tx.v",
   "Type" : "verilog"
  },
  {
   "Path" : "E:/code/Gowincode/workspace/zcx_code/src/iir/coef_get.v",
   "Type" : "verilog"
  },
  {
   "Path" : "E:/code/Gowincode/workspace/zcx_code/src/iir/coef_prom/coef_prom.v",
   "Type" : "verilog"
  },
  {
   "Path" : "E:/code/Gowincode/workspace/zcx_code/src/iir/iir2_tap.v",
   "Type" : "verilog"
  },
  {
   "Path" : "E:/code/Gowincode/workspace/zcx_code/src/iir/iir_top.v",
   "Type" : "verilog"
  },
  {
   "Path" : "E:/code/Gowincode/workspace/zcx_code/src/key_filter.v",
   "Type" : "verilog"
  },
  {
   "Path" : "E:/code/Gowincode/workspace/zcx_code/src/phaser1/gowin_prom/gowin_prom.v",
   "Type" : "verilog"
  },
  {
   "Path" : "E:/code/Gowincode/workspace/zcx_code/src/phaser1/iir6_tap.v",
   "Type" : "verilog"
  },
  {
   "Path" : "E:/code/Gowincode/workspace/zcx_code/src/phaser1/iir6_top.v",
   "Type" : "verilog"
  },
  {
   "Path" : "E:/code/Gowincode/workspace/zcx_code/src/phaser1/round.v",
   "Type" : "verilog"
  },
  {
   "Path" : "E:/code/Gowincode/workspace/zcx_code/src/rom_sinvalue/rom_sinvalue.v",
   "Type" : "verilog"
  },
  {
   "Path" : "E:/code/Gowincode/workspace/zcx_code/src/sample.v",
   "Type" : "verilog"
  },
  {
   "Path" : "E:/code/Gowincode/workspace/zcx_code/src/surround.v",
   "Type" : "verilog"
  },
  {
   "Path" : "E:/code/Gowincode/workspace/zcx_code/src/top/audioprocessing_top.v",
   "Type" : "verilog"
  },
  {
   "Path" : "E:/code/Gowincode/workspace/zcx_code/src/uart/uart_Rxframe.v",
   "Type" : "verilog"
  },
  {
   "Path" : "E:/code/Gowincode/workspace/zcx_code/src/uart/uart_Txframe.v",
   "Type" : "verilog"
  },
  {
   "Path" : "E:/code/Gowincode/workspace/zcx_code/src/uart/uart_byte_rx.v",
   "Type" : "verilog"
  },
  {
   "Path" : "E:/code/Gowincode/workspace/zcx_code/src/uart/uart_byte_tx.v",
   "Type" : "verilog"
  },
  {
   "Path" : "E:/code/Gowincode/workspace/zcx_code/src/volume_control.v",
   "Type" : "verilog"
  }
 ],
 "IncludePath" : [

 ],
 "LoopLimit" : 2000,
 "ResultFile" : "E:/code/Gowincode/workspace/zcx_code/impl/temp/rtl_parser.result",
 "Top" : "audioprocessing_top",
 "VerilogStd" : "verilog_2001",
 "VhdlStd" : "vhdl_93"
}