<?xml version="1.0" encoding="UTF-8"?>
<Module name="audioprocessing_top" Register="1" Lut="1">
    <SubModule name="Gowin_PLL"/>
    <SubModule name="WM8960_Init" Register="17" Alu="15" Lut="10">
        <SubModule name="I2C_Init_Dev" Register="8" Lut="14">
            <SubModule name="wm8960_init_table" Bsram="1"/>
            <SubModule name="i2c_control" Register="25" Lut="64">
                <SubModule name="i2c_bit_shift" Register="23" Lut="76"/>
            </SubModule>
        </SubModule>
    </SubModule>
    <SubModule name="i2s_rx" Register="81" Lut="67">
        <SubModule name="adc_fifo" Register="32">
            <SubModule name="async_fifo_ctrl_inst" Register="75" Alu="16" Lut="59"/>
            <SubModule name="dpram_inst" Bsram="1"/>
        </SubModule>
    </SubModule>
    <SubModule name="i2s_tx" Register="46" Lut="46">
        <SubModule name="dac_fifo" Register="32">
            <SubModule name="async_fifo_ctrl_inst" Register="75" Alu="16" Lut="59"/>
            <SubModule name="dpram_inst" Bsram="1"/>
        </SubModule>
    </SubModule>
    <SubModule name="volume_control_inst" Register="8" Lut="592" MULTALU27X18="2"/>
    <SubModule name="i45" Register="64" Lut="48">
        <SubModule name="uart_byte_rx" Register="71" Lut="119"/>
    </SubModule>
    <SubModule name="audio_ctrl" Register="34" Lut="195">
        <SubModule name="delay_inst" Register="459" Alu="327" Lut="2121" MULTALU27X18="9">
            <SubModule name="your_instance_name" Register="1" Lut="18" Bsram="3"/>
            <SubModule name="clk_speed" Register="33" Lut="81"/>
            <SubModule name="chorus_unit" Register="417" Alu="136" Lut="1496" MULTALU27X18="5">
                <SubModule name="delay_sin" Bsram="1"/>
            </SubModule>
            <SubModule name="u_ddr_top">
                <SubModule name="ddr3_pll"/>
                <SubModule name="ddr3_ctrl_2port">
                    <SubModule name="fifo_ddr3_adapter" Register="788" Alu="178" Lut="1051"/>
                    <SubModule name="your_instance_name" Register="2883" Alu="173" Lut="2300" Bsram="12"/>
                </SubModule>
            </SubModule>
        </SubModule>
        <SubModule name="u_clkdiv_clken" Register="34" Lut="62"/>
        <SubModule name="phaser_inst" Register="421" Alu="68" Lut="1280" MULTALU27X18="4">
            <SubModule name="your_instance_name" Register="2" Lut="85" Bsram="11"/>
            <SubModule name="iir_tap_inst1" Register="966" Alu="564" Lut="420" MULTALU27X18="1">
                <SubModule name="round_inst" Lut="13"/>
            </SubModule>
            <SubModule name="iir_tap_inst2" Register="966" Alu="564" Lut="419" MULTALU27X18="1">
                <SubModule name="round_inst" Lut="14"/>
            </SubModule>
        </SubModule>
        <SubModule name="surround_inst" Register="39" Alu="27" Lut="57" MULTALU27X18="2">
            <SubModule name="rom_sinvalue" Bsram="1"/>
            <SubModule name="rom_cosvalue" Bsram="1"/>
        </SubModule>
        <SubModule name="Equalizer_inst" Register="32">
            <SubModule name="iir_inst1" Register="1626" Lut="923">
                <SubModule name="coef_get" Register="197" Lut="111" MULTADDALU12X12="1">
                    <SubModule name="coef_1" Bsram="2"/>
                </SubModule>
                <SubModule name="iir2_tap" Register="444" Alu="136" Lut="191" MULTALU27X18="1">
                    <SubModule name="round_inst" Lut="12"/>
                </SubModule>
            </SubModule>
            <SubModule name="iir_inst2" Register="1621" Lut="921">
                <SubModule name="coef_get" Register="197" Lut="117" MULTADDALU12X12="1">
                    <SubModule name="coef_1" Bsram="2"/>
                </SubModule>
                <SubModule name="iir2_tap" Register="444" Alu="136" Lut="192" MULTALU27X18="1">
                    <SubModule name="round_inst" Lut="9"/>
                </SubModule>
            </SubModule>
        </SubModule>
        <SubModule name="sample_inst" Register="78" Alu="149" Lut="601">
            <SubModule name="clk_sam" Register="33" Lut="140"/>
        </SubModule>
        <SubModule name="accom_extract_inst" Alu="16"/>
    </SubModule>
</Module>
